{"stats":{"minecraft:used":{"minecraft:trident":2},"minecraft:custom":{"minecraft:jump":95,"minecraft:open_chest":1,"minecraft:time_since_rest":32775,"minecraft:walk_on_water_one_cm":23,"minecraft:crouch_one_cm":1565,"minecraft:play_one_minute":126030,"minecraft:sprint_one_cm":3615,"minecraft:leave_game":2,"minecraft:walk_one_cm":68060,"minecraft:damage_taken":670,"minecraft:time_since_death":32724,"minecraft:deaths":56,"minecraft:sneak_time":479,"minecraft:fall_one_cm":11655,"minecraft:fly_one_cm":5425},"minecraft:killed_by":{"minecraft:player":6,"minecraft:vex":2}},"DataVersion":1631}