{"stats":{"minecraft:used":{"minecraft:oak_fence":13,"minecraft:nether_brick_fence":13,"minecraft:trident":24,"minecraft:flint_and_steel":3,"minecraft:carved_pumpkin":1,"minecraft:redstone_ore":32,"minecraft:dispenser":2,"minecraft:redstone":253,"minecraft:silverfish_spawn_egg":72,"minecraft:chest":30,"minecraft:ender_chest":5,"minecraft:stone":7,"minecraft:torch":3,"minecraft:birch_pressure_plate":2,"minecraft:obsidian":702,"minecraft:fern":56,"minecraft:stone_brick_slab":427,"minecraft:lava_bucket":219,"minecraft:grass_block":13,"minecraft:iron_block":91,"minecraft:light_weighted_pressure_plate":12,"minecraft:oak_stairs":2,"minecraft:slime_block":3,"minecraft:spruce_button":6,"minecraft:stone_brick_stairs":60,"minecraft:stone_bricks":2781,"minecraft:repeater":78,"minecraft:infested_mossy_stone_bricks":5,"minecraft:snow":3,"minecraft:dark_oak_boat":38,"minecraft:emerald_block":75,"minecraft:oak_sapling":58,"minecraft:podzol":29,"minecraft:infested_cobblestone":1,"minecraft:gold_block":11,"minecraft:trapped_chest":3,"minecraft:observer":14,"minecraft:pumpkin":15,"minecraft:mossy_stone_bricks":103,"minecraft:water_bucket":23,"minecraft:end_rod":148,"minecraft:cow_spawn_egg":5,"minecraft:snow_block":59,"minecraft:oak_planks":2,"minecraft:ender_pearl":1,"minecraft:cut_sandstone":6,"minecraft:redstone_block":8,"minecraft:comparator":5,"minecraft:acacia_leaves":1,"minecraft:blue_ice":370,"minecraft:infested_stone_bricks":19,"minecraft:end_stone":2,"minecraft:bat_spawn_egg":35,"minecraft:redstone_torch":46,"minecraft:sticky_piston":68,"minecraft:piston":7,"minecraft:lever":9,"minecraft:ender_eye":15,"minecraft:command_block":154,"minecraft:barrier":1,"minecraft:string":16,"minecraft:pig_spawn_egg":12,"minecraft:stone_button":8,"minecraft:sign":122,"minecraft:oak_pressure_plate":1,"minecraft:evoker_spawn_egg":1,"minecraft:cobblestone":349,"minecraft:dark_oak_fence":12,"minecraft:magenta_glazed_terracotta":82,"minecraft:repeating_command_block":83,"minecraft:oak_boat":25,"minecraft:end_portal_frame":20,"minecraft:cobweb":8},"minecraft:custom":{"minecraft:mob_kills":7,"minecraft:leave_game":28,"minecraft:time_since_death":50223,"minecraft:damage_resisted":450,"minecraft:sprint_one_cm":591520,"minecraft:walk_one_cm":476129,"minecraft:drop":401,"minecraft:deaths":373,"minecraft:sneak_time":52184,"minecraft:walk_under_water_one_cm":4786,"minecraft:boat_one_cm":185066,"minecraft:jump":3511,"minecraft:walk_on_water_one_cm":6863,"minecraft:play_one_minute":660536,"minecraft:time_since_rest":50245,"minecraft:open_enderchest":4,"minecraft:damage_taken":1490,"minecraft:trigger_trapped_chest":2,"minecraft:damage_dealt":414,"minecraft:swim_one_cm":2639,"minecraft:fly_one_cm":3270932,"minecraft:player_kills":6,"minecraft:open_chest":43,"minecraft:crouch_one_cm":144011,"minecraft:aviate_one_cm":38820,"minecraft:fall_one_cm":34815,"minecraft:inspect_dispenser":2},"minecraft:picked_up":{"minecraft:light_weighted_pressure_plate":1,"minecraft:porkchop":2,"minecraft:torch":3,"minecraft:trident":1,"minecraft:redstone":57,"minecraft:command_block":1,"minecraft:repeater":6,"minecraft:sign":1,"minecraft:stone_bricks":1,"minecraft:pumpkin_seeds":48,"minecraft:lever":1,"minecraft:redstone_ore":1,"minecraft:oak_sapling":6},"minecraft:dropped":{"minecraft:water_bucket":1,"minecraft:evoker_spawn_egg":1,"minecraft:repeating_command_block":18,"minecraft:piston":1,"minecraft:porkchop":2,"minecraft:oak_pressure_plate":1,"minecraft:diamond":5,"minecraft:oak_fence":1,"minecraft:barrier":2,"minecraft:cobblestone":4,"minecraft:observer":1,"minecraft:spruce_button":2,"minecraft:command_block":14,"minecraft:elytra":3,"minecraft:grass_block":2,"minecraft:end_rod":2,"minecraft:stick":6,"minecraft:light_weighted_pressure_plate":3,"minecraft:gold_block":1,"minecraft:sign":9,"minecraft:lava_bucket":3,"minecraft:cobweb":3,"minecraft:iron_block":2,"minecraft:torch":6,"minecraft:stone_button":5,"minecraft:dispenser":2,"minecraft:dark_oak_fence":1,"minecraft:repeater":15,"minecraft:cut_sandstone":1,"minecraft:jack_o_lantern":1,"minecraft:pumpkin":1,"minecraft:magenta_glazed_terracotta":3,"minecraft:string":1,"minecraft:trapped_chest":2,"minecraft:dark_oak_boat":1,"minecraft:redstone_block":4,"minecraft:stone_brick_slab":3,"minecraft:redstone":71,"minecraft:snow_block":2,"minecraft:redstone_ore":2,"minecraft:emerald_block":1,"minecraft:silverfish_spawn_egg":1,"minecraft:lever":7,"minecraft:ender_chest":2,"minecraft:pig_spawn_egg":1,"minecraft:sticky_piston":3,"minecraft:yellow_wool":1,"minecraft:obsidian":2,"minecraft:birch_pressure_plate":1,"minecraft:fern":1,"minecraft:comparator":4,"minecraft:slime_block":2,"minecraft:end_stone":1,"minecraft:infested_mossy_stone_bricks":3,"minecraft:ender_eye":1,"minecraft:nether_brick_fence":1,"minecraft:shears":1,"minecraft:acacia_leaves":1,"minecraft:pumpkin_seeds":48,"minecraft:infested_stone_bricks":4,"minecraft:flint_and_steel":1,"minecraft:bat_spawn_egg":2,"minecraft:snow":2,"minecraft:stone":1,"minecraft:trident":7,"minecraft:mossy_stone_bricks":2,"minecraft:blue_ice":1,"minecraft:oak_boat":2,"minecraft:oak_sapling":7,"minecraft:chest":6,"minecraft:end_portal_frame":2,"minecraft:carved_pumpkin":1,"minecraft:redstone_torch":6,"minecraft:stone_bricks":57,"minecraft:cow_spawn_egg":3,"minecraft:podzol":2,"minecraft:stone_brick_stairs":3,"minecraft:infested_cobblestone":1,"minecraft:black_wool":1},"minecraft:killed":{"minecraft:silverfish":1,"minecraft:cow":2}},"DataVersion":1631}